Wall time,Step,Value
1733944095.9518669,18,0.0
1733944177.2110617,47,0.0
1733944227.899846,62,0.0
1733944230.6505044,63,0.0
1733944302.3278346,89,0.0
1733944350.1054702,103,0.0
1733944361.1086986,107,0.0
1733944419.3321364,128,0.0
1733944527.909607,164,0.0
1733944549.9749548,172,0.0
1733944602.5634592,191,0.0
1733944644.927363,203,0.0
1733944758.3469589,244,0.0
1733944808.7730742,259,0.0
1733944872.134971,282,0.0
1733944880.3803911,285,0.0
1733944983.3355181,319,0.0
1733945121.5724065,366,0.0
1733945176.4580696,386,0.0
1733945229.326563,402,0.0
1733945264.8886204,415,0.0
1733945325.1478822,437,0.0
1733945410.6654217,465,0.0
1733945438.096729,475,0.0
1733945454.5196035,481,0.0
1733945542.7130609,510,0.0
1733945605.2758312,533,0.0
1733945618.8455818,538,0.0
1733945624.262912,540,0.0
1733945676.871954,556,0.0
1733945693.181282,562,0.0
1733945785.688281,596,0.0
1733945906.2859695,637,0.0
1733945922.6041226,643,0.0
1733945925.3216784,644,0.0
1733945972.3950372,658,0.0
1733946018.559141,675,0.0
1733946152.7560675,721,0.0
1733946278.8108084,764,0.019999999552965164
1733946308.6531105,775,0.019999999552965164
1733946396.5097928,804,0.11999999731779099
1733946551.9928727,857,0.2199999988079071
1733946576.9769242,866,0.2199999988079071
1733946632.5311906,886,0.2199999988079071
1733946796.3614388,942,0.2199999988079071
1733946962.2413242,999,0.2199999988079071
1733947015.206893,1015,0.2199999988079071
1733947045.370671,1026,0.2199999988079071
1733947075.605751,1037,0.2199999988079071
1733947136.475699,1056,0.2199999988079071
1733947177.7468874,1071,0.2199999988079071
1733947290.1859016,1109,0.2199999988079071
1733947295.644452,1111,0.2199999988079071
1733947333.8090487,1125,0.2199999988079071
1733947352.8615897,1132,0.2199999988079071
1733947416.3062522,1152,0.2199999988079071
1733947448.9045782,1164,0.2199999988079071
1733947476.2420275,1174,0.2199999988079071
1733947481.6791978,1176,0.2199999988079071
1733947503.5113518,1184,0.2199999988079071
1733947604.9665494,1218,0.2199999988079071
1733947706.5159242,1252,0.2199999988079071
1733947711.928158,1254,0.2199999988079071
1733947720.06755,1257,0.2199999988079071
1733947747.179981,1267,0.2199999988079071
1733947758.0609949,1271,0.2199999988079071
1733947913.820751,1325,0.2800000011920929
1733947968.012185,1345,0.2800000011920929
1733948061.1497903,1376,0.3199999928474426
1733948181.449439,1417,0.36000001430511475
1733948299.3343158,1457,0.36000001430511475
1733948302.052094,1458,0.36000001430511475
1733948400.358061,1494,0.3799999952316284
1733948452.9906142,1510,0.3799999952316284
1733948461.117238,1513,0.3799999952316284
1733948555.9439454,1548,0.4000000059604645
1733948573.125598,1551,0.4000000059604645
1733948611.0805027,1565,0.4000000059604645
1733948665.4188318,1585,0.4000000059604645
1733948695.3762512,1596,0.4000000059604645
1733948788.5553575,1627,0.4399999976158142
1733948810.2080934,1635,0.4399999976158142
1733948914.0644007,1670,0.4399999976158142
1733948954.7287226,1685,0.4399999976158142
1733949009.839516,1702,0.46000000834465027
1733949015.251468,1704,0.46000000834465027
1733949034.1696568,1711,0.46000000834465027
1733949222.0043178,1777,0.5
1733949420.4705317,1847,0.5
1733949464.7126923,1860,0.5
1733949483.695683,1867,0.5
1733949570.680877,1899,0.5
1733949587.7707663,1902,0.5
1733949606.856967,1909,0.5
1733949690.7247381,1940,0.5
1733949753.9066224,1960,0.5
1733949756.6243503,1961,0.5
1733949805.3280275,1979,0.5
1733950069.476312,2070,0.5199999809265137
1733950093.7999518,2079,0.5199999809265137
1733950120.9607196,2089,0.5400000214576721
1733950159.726933,2100,0.5400000214576721
1733950472.6506002,2209,0.5400000214576721
1733950553.512883,2239,0.5400000214576721
1733950787.7537706,2319,0.5400000214576721
1733950904.5866396,2359,0.5400000214576721
1733950999.0185974,2394,0.5400000214576721
1733951122.5436952,2436,0.5400000214576721
1733951136.1967099,2441,0.5400000214576721
1733951180.7613716,2454,0.5400000214576721
1733951202.5184143,2462,0.5400000214576721
1733951210.6381087,2465,0.5400000214576721
1733951264.8559825,2485,0.5400000214576721
1733951322.7010772,2503,0.5400000214576721
1733951360.522866,2517,0.5400000214576721
1733951395.6344757,2530,0.5400000214576721
1733951531.6119833,2577,0.5400000214576721
1733951534.317737,2578,0.5400000214576721
1733951591.0128157,2599,0.5400000214576721
1733951675.6896164,2627,0.5400000214576721
1733951697.2600298,2635,0.5400000214576721
1733951718.8342283,2643,0.5400000214576721
1733951838.6646397,2684,0.5600000023841858
1733951862.9087386,2693,0.5600000023841858
1733951912.3702316,2708,0.5600000023841858
1733951936.7404828,2717,0.5799999833106995
1733951982.7301507,2734,0.5799999833106995
1733951999.009036,2740,0.6000000238418579
1733952043.1896343,2753,0.6000000238418579
1733952045.8796656,2754,0.6000000238418579
1733952048.5662801,2755,0.6000000238418579
1733952083.5445383,2768,0.6000000238418579
1733952129.3678422,2785,0.6200000047683716
1733952211.2967083,2812,0.6200000047683716
1733952270.713468,2834,0.6200000047683716
1733952297.806889,2844,0.6200000047683716
1733952352.6955738,2861,0.6399999856948853
1733952616.4584317,2952,0.6399999856948853
1733952643.393722,2962,0.6399999856948853
1733952673.0127454,2973,0.6399999856948853
1733952847.1840594,3034,0.6399999856948853
1733952988.3544378,3083,0.6600000262260437
1733952991.04975,3084,0.6600000262260437
1733953053.9101303,3104,0.6600000262260437
1733953056.5904934,3105,0.6600000262260437
1733953096.924286,3120,0.6600000262260437
1733953164.205874,3145,0.6600000262260437
1733953248.8130872,3173,0.6600000262260437
1733953300.0069523,3192,0.6600000262260437
1733953318.8700848,3199,0.6600000262260437
1733953376.5494807,3217,0.6600000262260437
1733953384.679131,3220,0.6600000262260437
1733953441.6551347,3241,0.6600000262260437
1733953515.6120207,3265,0.6600000262260437
1733953523.738889,3268,0.6600000262260437
1733953635.4130132,3306,0.6600000262260437
1733953779.1788425,3356,0.6600000262260437
1733953917.5674684,3404,0.6600000262260437
1733954080.6378684,3461,0.6600000262260437
1733954139.803355,3483,0.6600000262260437
1733954142.486599,3484,0.6600000262260437
1733954161.4038005,3491,0.6600000262260437
1733954194.6946783,3500,0.6600000262260437
1733954264.5698693,3526,0.6800000071525574
1733954381.626796,3566,0.699999988079071
1733954389.854289,3569,0.699999988079071
1733954482.7459664,3600,0.699999988079071
1733954525.9053767,3616,0.699999988079071
1733954637.3971963,3654,0.699999988079071
1733954645.512689,3657,0.699999988079071
1733954656.2950914,3661,0.699999988079071
1733954675.1256921,3668,0.699999988079071
1733954683.2586792,3671,0.699999988079071
1733954734.5457795,3690,0.699999988079071
1733954802.8005724,3712,0.699999988079071
1733954943.8116734,3761,0.699999988079071
1733955000.3536372,3782,0.699999988079071
1733955187.3309128,3848,0.699999988079071
1733955201.7407422,3850,0.699999988079071
1733955253.0441635,3869,0.699999988079071
1733955350.9900894,3902,0.699999988079071
1733955375.2421937,3911,0.699999988079071
1733955386.0258384,3915,0.699999988079071
1733955402.2981532,3921,0.699999988079071
1733955434.6826587,3933,0.699999988079071
1733955442.769857,3936,0.699999988079071
1733955556.8598888,3975,0.699999988079071
1733955665.8195472,4012,0.699999988079071
1733955671.2064528,4014,0.699999988079071
1733955695.4096274,4023,0.699999988079071
1733955725.100938,4034,0.699999988079071
1733955741.2894225,4040,0.699999988079071
1733955760.258486,4047,0.699999988079071
1733955869.0746233,4084,0.699999988079071
1733955945.3947096,4109,0.7200000286102295
1733955961.5207088,4115,0.7200000286102295
1733955977.6527977,4121,0.7200000286102295
1733955985.7316334,4124,0.7200000286102295
1733956045.0166929,4146,0.7200000286102295
1733956148.5481963,4181,0.7200000286102295
1733956178.2270036,4192,0.7200000286102295
1733956281.755247,4227,0.7400000095367432
1733956371.7146757,4257,0.7400000095367432
1733956545.2582662,4318,0.7400000095367432
1733956572.2111492,4328,0.7400000095367432
1733956900.6062512,4443,0.7400000095367432
1733956939.1721866,4454,0.7400000095367432
1733957139.2950828,4525,0.7400000095367432
1733957166.3122947,4535,0.7400000095367432
1733957177.0822732,4539,0.7400000095367432
1733957253.4352765,4564,0.7400000095367432
1733957391.9674752,4612,0.7400000095367432
1733957491.6875775,4649,0.7400000095367432
1733957600.634449,4686,0.7400000095367432
1733957611.390035,4690,0.7400000095367432
1733957616.779928,4692,0.7400000095367432
1733957632.9338145,4698,0.7400000095367432
1733957666.2257378,4707,0.7400000095367432
1733957728.5154665,4730,0.7400000095367432
1733957864.1019976,4777,0.7400000095367432
1733958016.1603115,4830,0.7400000095367432
1733958021.544405,4832,0.7400000095367432
1733958029.609754,4835,0.7400000095367432
1733958032.3093145,4836,0.7400000095367432
1733958053.8653178,4844,0.7400000095367432
1733958165.2371047,4882,0.7400000095367432
1733958249.8241367,4910,0.7400000095367432
1733958301.0479643,4929,0.7400000095367432
1733958330.8029232,4940,0.7400000095367432
1733958355.0751133,4949,0.7400000095367432
1733958447.561608,4980,0.7400000095367432
1733958477.3341727,4991,0.7400000095367432
1733958637.6005561,5047,0.7400000095367432
1733958697.7227535,5066,0.7400000095367432
1733958732.7432048,5079,0.7400000095367432
1733958757.0316892,5088,0.7400000095367432
1733958762.3949454,5090,0.7400000095367432
1733958884.607628,5132,0.7400000095367432
1733958895.3516815,5136,0.7400000095367432
1733958944.8939955,5151,0.7400000095367432
1733958952.9495208,5154,0.7400000095367432
1733958955.6262686,5155,0.7400000095367432
1733959041.8008704,5187,0.7400000095367432
1733959085.8447008,5200,0.7400000095367432
1733959153.1825721,5225,0.7400000095367432
1733959188.380128,5238,0.7400000095367432
1733959237.8297122,5253,0.7400000095367432
1733959261.994247,5262,0.7400000095367432
1733959270.0659502,5265,0.7400000095367432
1733959351.0287242,5295,0.7400000095367432
1733959424.7901514,5319,0.7400000095367432
1733959432.8508573,5322,0.7400000095367432
1733959549.406764,5362,0.7400000095367432
1733959570.9380152,5370,0.7400000095367432
1733959668.7843769,5403,0.7400000095367432
1733959781.7018862,5445,0.7400000095367432
1733959815.0702624,5454,0.7400000095367432
1733959828.5048842,5459,0.7400000095367432
1733959972.1770494,5509,0.7400000095367432
1733960004.4585323,5521,0.7400000095367432
1733960424.5507262,5667,0.7400000095367432
1733960603.3106947,5730,0.7400000095367432
1733960687.7684379,5758,0.7400000095367432
1733960749.6134226,5781,0.7400000095367432
1733960895.9636867,5832,0.7400000095367432
1733960996.5698535,5866,0.7400000095367432
1733961031.5912087,5879,0.7400000095367432
1733961226.8375301,5948,0.7400000095367432
1733961257.3676698,5956,0.7400000095367432
1733961324.5928104,5981,0.7400000095367432
1733961367.7336085,5997,0.7400000095367432
1733961409.0723288,6009,0.7400000095367432
1733961536.6934102,6053,0.7400000095367432
1733961702.4502149,6111,0.7400000095367432
1733961707.8239498,6113,0.7400000095367432
1733961761.7746456,6133,0.7400000095367432
1733961775.2341115,6138,0.7400000095367432
1733961780.6133184,6140,0.7400000095367432
1733961786.1078207,6142,0.7400000095367432
1733962027.7084112,6225,0.7400000095367432
1733962076.2104573,6243,0.7400000095367432
1733962181.9501293,6279,0.7599999904632568
1733962247.482251,6300,0.7599999904632568
1733962333.3452685,6332,0.7599999904632568
1733962338.712233,6334,0.7599999904632568
1733962412.275198,6358,0.7599999904632568
1733962414.9821134,6359,0.7599999904632568
1733962428.38806,6364,0.7599999904632568
1733962441.788744,6369,0.7599999904632568
1733962740.0928695,6473,0.7799999713897705
1733962897.2728438,6528,0.7799999713897705
1733962905.3411264,6531,0.7799999713897705
1733962945.8268857,6546,0.7799999713897705
1733962968.2858622,6551,0.7799999713897705
1733963003.2238646,6564,0.7799999713897705
1733963016.6824389,6569,0.7799999713897705
1733963059.8557556,6585,0.7799999713897705
1733963073.5215898,6590,0.7799999713897705
1733963097.7652836,6599,0.7799999713897705
1733963149.7175522,6615,0.7799999713897705
1733963314.9746566,6673,0.7799999713897705
1733963450.784243,6720,0.7799999713897705
1733963477.693481,6730,0.7799999713897705
1733963540.5417044,6750,0.7799999713897705
1733963689.6539805,6802,0.7799999713897705
1733963797.4844084,6842,0.7799999713897705
1733963828.0139663,6850,0.7799999713897705
1733963852.2322245,6859,0.7799999713897705
1733963895.2675161,6875,0.7799999713897705
1733964014.7200117,6916,0.7799999713897705
1733964022.7884696,6919,0.7799999713897705
1733964052.4201784,6930,0.7799999713897705
1733964182.8342426,6975,0.7799999713897705
1733964225.9597464,6991,0.7799999713897705
1733964239.464982,6996,0.7799999713897705
1733964244.8479288,6998,0.7799999713897705
1733964413.5093553,7054,0.7799999713897705
1733964592.2152662,7117,0.7799999713897705
1733964600.3314016,7120,0.7799999713897705
1733964616.4718132,7126,0.7799999713897705
1733964727.971683,7164,0.7799999713897705
1733964765.7110274,7178,0.7799999713897705
1733964852.8848388,7207,0.7799999713897705
1733964985.8088348,7253,0.7799999713897705
1733965042.386263,7274,0.7799999713897705
1733965143.0814967,7308,0.7799999713897705
1733965223.9054203,7338,0.7799999713897705
1733965273.3575766,7353,0.7799999713897705
1733965311.041743,7367,0.7799999713897705
1733965473.7815883,7424,0.7799999713897705
1733965503.5199695,7435,0.7799999713897705
1733965506.2385187,7436,0.7799999713897705
1733965590.4452116,7464,0.7799999713897705
1733965601.2942204,7468,0.7799999713897705
1733965606.675623,7470,0.7799999713897705
1733965638.9311318,7482,0.7799999713897705
1733965712.5776234,7506,0.7799999713897705
1733965744.8068,7518,0.7799999713897705
1733965766.2469919,7526,0.7799999713897705
1733965782.4321566,7532,0.7799999713897705
1733965811.994242,7543,0.7799999713897705
1733965842.6737607,7551,0.7799999713897705
1733965848.0355837,7553,0.7799999713897705
1733965955.5594118,7593,0.7799999713897705
1733965988.7413254,7602,0.7799999713897705
1733965994.1059954,7604,0.7799999713897705
1733966002.1476145,7607,0.7799999713897705
1733966085.5895295,7638,0.7799999713897705
1733966101.871503,7644,0.7799999713897705
1733966154.029711,7660,0.7799999713897705
1733966343.2642953,7727,0.7799999713897705
1733966351.3226554,7730,0.7799999713897705
1733966430.387344,7756,0.7799999713897705
1733966532.6448298,7794,0.7799999713897705
1733966535.385457,7795,0.7799999713897705
1733966614.4618237,7821,0.7799999713897705
1733966660.2655349,7838,0.7799999713897705
1733966701.543588,7850,0.7799999713897705
1733966715.1036,7855,0.7799999713897705
1733966717.7889743,7856,0.7799999713897705
1733966733.8590112,7862,0.7799999713897705
1733966822.588661,7895,0.7799999713897705
1733966847.780153,7901,0.7799999713897705
1733966922.902951,7929,0.7799999713897705
1733967085.296086,7986,0.7799999713897705
1733967255.8253803,8046,0.7799999713897705
1733967350.8848577,8078,0.7799999713897705
1733967478.218079,8122,0.7799999713897705
1733967537.3334005,8144,0.7799999713897705
1733967597.3849046,8163,0.7799999713897705
1733967600.0614371,8164,0.7799999713897705
1733967675.3286538,8192,0.7799999713897705
1733967748.826261,8216,0.7799999713897705
1733967783.906365,8229,0.7799999713897705
1733967862.8289752,8255,0.7799999713897705
1733967921.9506655,8277,0.7799999713897705
1733967938.0875523,8283,0.7799999713897705
1733967959.6226704,8291,0.7799999713897705
1733967973.0792773,8296,0.7799999713897705
1733968141.55926,8352,0.7799999713897705
1733968171.1943028,8363,0.7799999713897705
1733968208.783108,8377,0.7799999713897705
1733968262.5431833,8397,0.7799999713897705
1733968309.1466684,8411,0.7799999713897705
1733968322.597542,8416,0.7799999713897705
1733968532.9246914,8491,0.7799999713897705
1733968622.4077778,8521,0.7799999713897705
1733968695.0441458,8548,0.800000011920929
1733968720.244043,8554,0.800000011920929
1733968744.395354,8563,0.800000011920929
1733968901.3960066,8618,0.800000011920929
1733968925.5785913,8627,0.800000011920929
1733969020.6439815,8659,0.8199999928474426
1733969031.4088583,8663,0.8199999928474426
1733969114.9532282,8694,0.8199999928474426
1733969140.1943965,8700,0.8199999928474426
1733969188.416999,8718,0.8199999928474426
1733969204.5053189,8724,0.8199999928474426
1733969288.8892102,8752,0.8199999928474426
1733969294.262075,8754,0.8199999928474426
1733969353.2657738,8776,0.8199999928474426
1733969358.6831012,8778,0.8199999928474426
1733969488.774673,8823,0.8199999928474426
1733969515.6907945,8833,0.8199999928474426
1733969610.6137662,8865,0.8199999928474426
1733969624.0065694,8870,0.8199999928474426
1733969642.825972,8877,0.8199999928474426
1733969672.485248,8888,0.8199999928474426
1733969759.6033173,8917,0.8199999928474426
1733969770.377457,8921,0.8199999928474426
1733969952.2071388,8985,0.8199999928474426
1733970018.272099,9006,0.8199999928474426
1733970091.2039547,9033,0.8199999928474426
1733970134.3051996,9049,0.8199999928474426
1733970167.733349,9058,0.8199999928474426
1733970335.371643,9117,0.8199999928474426
1733970346.1196592,9121,0.8199999928474426
1733970438.539474,9152,0.8199999928474426
1733970608.9084694,9212,0.8199999928474426
1733970646.44999,9226,0.8199999928474426
1733970725.5078568,9252,0.8199999928474426
1733970830.1359348,9291,0.8199999928474426
1733970871.4210622,9303,0.8199999928474426
1733970876.7748096,9305,0.8199999928474426
1733970895.6865392,9312,0.8199999928474426
1733970935.983413,9327,0.8199999928474426
1733970984.3969495,9345,0.8199999928474426
1733971031.0351164,9359,0.8199999928474426
1733971047.103484,9365,0.8199999928474426
1733971065.8313274,9372,0.8199999928474426
1733971079.2153943,9377,0.8199999928474426
1733971106.1855214,9387,0.8199999928474426
1733971309.7294197,9456,0.8199999928474426
1733971395.642689,9488,0.8199999928474426
1733971539.044843,9538,0.8199999928474426
1733971563.2043824,9547,0.8199999928474426
1733971596.3592768,9556,0.8199999928474426
1733971623.1080277,9566,0.8199999928474426
1733971695.8288321,9593,0.8199999928474426
1733971742.4897714,9607,0.8199999928474426
1733971923.506605,9671,0.8199999928474426
1733971926.1869574,9672,0.8199999928474426
1733971979.876794,9692,0.8199999928474426
1733972021.435362,9704,0.8199999928474426
1733972042.9750211,9712,0.8199999928474426
1733972162.3927417,9753,0.8199999928474426
1733972165.0713072,9754,0.8199999928474426
1733972213.367008,9772,0.8199999928474426
1733972332.7556493,9813,0.8199999928474426
1733972362.3916633,9824,0.8199999928474426
1733972397.3622274,9837,0.8199999928474426
1733972441.416888,9850,0.8199999928474426
1733972487.3001473,9867,0.8199999928474426
1733972559.9172506,9894,0.8199999928474426
1733972595.704989,9904,0.8199999928474426
1733972627.9205182,9916,0.8199999928474426
1733972630.6054945,9917,0.8199999928474426
1733972713.909692,9948,0.8199999928474426
1733972716.59353,9949,0.8199999928474426
1733972728.2837172,9950,0.8199999928474426
1733972755.1492476,9960,0.8199999928474426
1733972790.09194,9973,0.8199999928474426
1733972806.2191577,9979,0.8199999928474426
1733972827.735446,9987,0.8199999928474426
1733972843.8728383,9993,0.8199999928474426
1733973048.7856421,10063,0.8199999928474426
1733973120.74047,10090,0.8199999928474426
1733973212.208749,10121,0.8199999928474426
1733973257.637256,10138,0.8199999928474426
1733973407.8396313,10191,0.8199999928474426
1733973462.1743057,10208,0.8199999928474426
1733973480.7804432,10215,0.8199999928474426
1733973633.5819983,10269,0.8199999928474426
1733973662.9463186,10280,0.8199999928474426
1733973837.1860092,10342,0.8199999928474426
1733973845.170776,10345,0.8199999928474426
1733973847.829945,10346,0.8199999928474426
1733973987.6154625,10395,0.8199999928474426
1733974130.2724307,10445,0.8199999928474426
1733974155.2948518,10451,0.8199999928474426
1733974157.9406538,10452,0.8199999928474426
1733974173.8786955,10458,0.8199999928474426
1733974297.646296,10501,0.8199999928474426
1733974342.846858,10518,0.8199999928474426
1733974466.5096555,10561,0.8399999737739563
1733974498.5292673,10573,0.8399999737739563
1733974559.940839,10596,0.8399999737739563
1733974616.8181515,10614,0.8399999737739563
1733974667.3877563,10633,0.8399999737739563
1733974694.0141764,10643,0.8399999737739563
1733974699.3382428,10645,0.8399999737739563
1733974882.7164245,10707,0.8399999737739563
1733974909.2974343,10717,0.8399999737739563
1733974927.9950938,10724,0.8399999737739563
1733974941.334752,10729,0.8399999737739563
1733974983.955926,10745,0.8399999737739563
1733975011.6580706,10752,0.8399999737739563
1733975062.1579814,10771,0.8399999737739563
1733975260.5389724,10842,0.8399999737739563
1733975416.0938303,10897,0.8399999737739563
1733975644.5017564,10976,0.8399999737739563
1733975776.0606017,11022,0.8399999737739563
1733975778.7228706,11023,0.8399999737739563
1733975792.0408626,11028,0.8399999737739563
1733975813.4490035,11036,0.8399999737739563
1733975870.5365863,11054,0.8399999737739563
1733975977.3635986,11094,0.8399999737739563
1733976050.3085766,11118,0.8399999737739563
1733976066.3068473,11124,0.8399999737739563
1733976068.9687815,11125,0.8399999737739563
1733976168.642252,11159,0.8399999737739563
1733976197.9291291,11170,0.8399999737739563
1733976308.517289,11208,0.8399999737739563
1733976319.1310098,11212,0.8399999737739563
1733976335.1340537,11218,0.8399999737739563
1733976353.8316567,11225,0.8399999737739563
1733976356.5026543,11226,0.8399999737739563
1733976652.0043674,11330,0.8399999737739563
1733976654.6762867,11331,0.8399999737739563
1733976831.5653129,11394,0.8399999737739563
1733976867.250377,11404,0.8399999737739563
1733976880.5498607,11409,0.8399999737739563
1733976971.0022092,11443,0.8399999737739563
1733976984.3362162,11448,0.8399999737739563
1733977027.9793687,11461,0.8399999737739563
1733977033.2889345,11463,0.8399999737739563
1733977210.3893638,11526,0.8399999737739563
1733977336.9563863,11570,0.8399999737739563
1733977358.3823886,11578,0.8399999737739563
1733977455.4346728,11611,0.8399999737739563
1733977691.3033414,11696,0.8399999737739563
1733977807.3746374,11736,0.8399999737739563
1733977871.9314396,11756,0.8399999737739563
1733977897.3754182,11765,0.8399999737739563
1733977958.406278,11786,0.8399999737739563
1733978054.0814002,11817,0.8399999737739563
1733978059.3928454,11819,0.8399999737739563
1733978070.1200309,11823,0.8399999737739563
1733978126.2484798,11844,0.8399999737739563
1733978134.257637,11847,0.8399999737739563
1733978153.9092171,11851,0.8600000143051147
1733978196.5368607,11867,0.8600000143051147
1733978220.5180058,11876,0.8799999952316284
1733978236.5901253,11882,0.8799999952316284
1733978344.2295136,11919,0.8799999952316284
1733978449.2111626,11955,0.8799999952316284
1733978494.3474152,11972,0.8799999952316284
1733978649.6696336,12027,0.8799999952316284
1733978767.825374,12068,0.8799999952316284
1733978789.0852165,12076,0.8799999952316284
1733978955.4169798,12135,0.8799999952316284
1733979070.9407353,12175,0.8799999952316284
1733979081.6374326,12179,0.8799999952316284
1733979173.2858922,12210,0.8799999952316284
1733979239.8104107,12235,0.8799999952316284
1733979344.5695734,12271,0.8799999952316284
1733979436.0250924,12302,0.8799999952316284
1733979441.3181145,12304,0.8799999952316284
1733979473.1530597,12316,0.8799999952316284
1733979583.7783911,12354,0.8799999952316284
1733979615.7783773,12366,0.8799999952316284
1733979690.4341345,12394,0.8799999952316284
1733979701.0918336,12398,0.8799999952316284
1733979715.4251742,12400,0.8799999952316284
1733979771.2482998,12421,0.8799999952316284
1733979773.9532077,12422,0.8799999952316284
1733979813.9178667,12437,0.8799999952316284
1733979845.8995545,12449,0.8799999952316284
1733979926.748647,12476,0.8799999952316284
1733979932.074808,12478,0.8799999952316284
1733979937.3927732,12480,0.8799999952316284
1733980154.1175723,12554,0.8799999952316284
1733980289.8261652,12601,0.8799999952316284
1733980415.043178,12648,0.8799999952316284
1733980437.3582077,12653,0.8799999952316284
1733980506.6004934,12679,0.8799999952316284
1733980592.692899,12708,0.8799999952316284
1733980802.0290313,12782,0.8799999952316284
1733980826.8532836,12791,0.8799999952316284
1733981027.1295037,12858,0.8799999952316284
1733981156.9378178,12901,0.8799999952316284
1733981167.7515295,12905,0.8799999952316284
1733981213.4343371,12922,0.8799999952316284
1733981272.0026326,12944,0.8799999952316284
1733981355.7098205,12972,0.8799999952316284
1733981366.3796482,12976,0.8799999952316284
1733981422.6733954,12997,0.8799999952316284
1733981466.294718,13010,0.8799999952316284
1733981503.8841474,13024,0.8799999952316284
1733981535.8803003,13036,0.8799999952316284
1733981538.536551,13037,0.8799999952316284
1733981567.7670898,13048,0.8799999952316284
1733981683.8430192,13088,0.8799999952316284
1733981694.4743407,13092,0.8799999952316284
1733981975.6700542,13188,0.8799999952316284
1733982044.3144078,13210,0.8799999952316284
1733982090.144116,13227,0.8799999952316284
1733982162.3152452,13250,0.8799999952316284
1733982193.300385,13261,0.8799999952316284
1733982320.1690085,13304,0.8799999952316284
1733982441.8376534,13349,0.8799999952316284
1733982554.7474074,13388,0.8799999952316284
1733982645.0040476,13418,0.8799999952316284
1733982753.6534634,13455,0.8799999952316284
1733982941.0595376,13522,0.8799999952316284
1733982965.0171041,13531,0.8999999761581421
1733982967.6959872,13532,0.8999999761581421
1733983024.6011586,13550,0.8999999761581421
1733983045.913285,13558,0.8999999761581421
1733983093.8156464,13576,0.8999999761581421
1733983125.745119,13588,0.8999999761581421
1733983227.8228772,13623,0.8999999761581421
1733983278.3130023,13642,0.8999999761581421
1733983283.631611,13644,0.8999999761581421
1733983291.6030273,13647,0.8999999761581421
1733983335.2074971,13660,0.8999999761581421
1733983456.1071563,13702,0.8999999761581421
1733983493.3676035,13716,0.8999999761581421
1733983546.8101158,13736,0.8999999761581421
1733983617.0977318,13759,0.8999999761581421
1733983740.7331002,13802,0.8999999761581421
1733983817.8865166,13831,0.8999999761581421
1733983865.9043097,13849,0.8999999761581421
1733983984.0956368,13890,0.8999999761581421
1733984062.1635573,13916,0.8999999761581421
1733984217.5746276,13971,0.8999999761581421
1733984241.548141,13980,0.8999999761581421
1733984319.6409,14006,0.8999999761581421
1733984425.855939,14046,0.8999999761581421
1733984592.681498,14102,0.8999999761581421
1733984622.0336173,14113,0.8999999761581421
1733984659.2494676,14127,0.8999999761581421
1733984693.8612766,14140,0.8999999761581421
1733984750.6710222,14158,0.8999999761581421
1733984801.1359515,14177,0.9200000166893005
1733984830.411285,14188,0.9200000166893005
1733984846.3695707,14194,0.9200000166893005
1733984887.3877974,14206,0.9200000166893005
1733984916.5851257,14217,0.9200000166893005
1733984932.510645,14223,0.9200000166893005
1733984935.1628952,14224,0.9200000166893005
1733985034.6179376,14258,0.9200000166893005
1733985053.2072744,14265,0.9200000166893005
1733985285.775863,14349,0.9200000166893005
1733985308.0049214,14354,0.9200000166893005
1733985326.5624268,14361,0.9200000166893005
1733985342.4395623,14367,0.9399999976158142
1733985427.7391713,14399,0.9399999976158142
1733985439.3779259,14400,0.9399999976158142
1733985452.7080867,14405,0.9399999976158142
1733985489.8253512,14419,0.9399999976158142
1733985511.2067316,14427,0.9399999976158142
1733985513.9190037,14428,0.9399999976158142
1733985698.98574,14494,0.9399999976158142
1733985704.2950025,14496,0.9399999976158142
1733985816.880384,14535,0.9399999976158142
1733985819.5418983,14536,0.9399999976158142
1733985937.5843592,14577,0.9399999976158142
1733986069.0346076,14623,0.9399999976158142
1733986128.6869872,14645,0.9399999976158142
1733986415.5214078,14745,0.9399999976158142
1733986464.744465,14760,0.9399999976158142
1733986510.0758712,14777,0.9399999976158142
1733986531.3446312,14785,0.9399999976158142
1733986632.7249634,14819,0.9399999976158142
1733986728.2851598,14851,0.9399999976158142
1733986762.8035295,14864,0.9399999976158142
1733986773.4089937,14868,0.9399999976158142
1733986857.766782,14899,0.9399999976158142
1733986897.9049034,14910,0.9399999976158142
1733986927.2428038,14921,0.9399999976158142
1733986937.8969707,14925,0.9399999976158142
1733986979.543131,14940,0.9399999976158142
1733987210.3668156,15019,0.9399999976158142
1733987344.0182905,15065,0.9599999785423279
1733987346.6868281,15066,0.9599999785423279
1733987357.3678284,15070,0.9599999785423279
1733987433.3679705,15098,0.9599999785423279
1733987475.5291216,15110,0.9599999785423279
1733987503.7784715,15120,0.9599999785423279
1733987515.0013964,15124,0.9599999785423279
1733987553.280055,15138,0.9599999785423279
1733987606.0235457,15153,0.9599999785423279
1733987670.6911802,15176,0.9599999785423279
1733987696.4334772,15185,0.9599999785423279
1733987736.1889546,15199,0.9800000190734863
1733988084.4939547,15318,0.9800000190734863
1733988127.066446,15334,0.9800000190734863
1733988164.380935,15348,0.9800000190734863
1733988210.629841,15362,0.9800000190734863
1733988234.5407772,15371,0.9800000190734863
1733988320.7124043,15400,0.9800000190734863
1733988371.4652956,15419,0.9800000190734863
1733988414.267925,15435,0.9800000190734863
1733988430.205261,15441,0.9800000190734863
1733988479.2093337,15456,0.9800000190734863
1733988495.1444337,15462,0.9800000190734863
1733988569.8394215,15490,0.9800000190734863
1733988575.1473045,15492,0.9800000190734863
1733988605.3967595,15500,0.9800000190734863
1733988938.9375408,15610,0.9800000190734863
1733989003.236847,15633,0.9800000190734863
1733989016.5164454,15638,0.9800000190734863
1733989105.4891348,15668,0.9800000190734863
1733989231.6545315,15712,0.9800000190734863
1733989258.2127185,15722,0.9800000190734863
1733989330.0257893,15749,1.0
1733989368.3181536,15760,1.0
1733989448.1799445,15790,1.0
1733989456.1704974,15793,1.0
1733989486.9983008,15801,1.0
1733989500.3378234,15806,1.0
1733989537.8528166,15820,1.0
1733989567.1721404,15831,1.0
1733989688.444336,15873,1.0
1733989826.97524,15921,1.0
1733989829.6971023,15922,1.0
1733989995.6543272,15980,1.0
1733990095.8509414,16013,1.0
1733990147.8546033,16032,1.0
1733990175.4408169,16042,1.0
1733990278.5491238,16076,1.0
1733990365.578084,16105,1.0
1733990397.4909852,16117,1.0
1733990418.7638817,16125,1.0
1733990495.9693973,16150,1.0
1733990591.0360744,16185,1.0
1733990593.7555356,16186,1.0
1733990738.4751167,16236,1.0
1733990746.4536,16239,1.0
1733990751.792632,16241,1.0
1733990767.9537485,16247,1.0
1733990961.3953607,16313,1.0
1733991049.1451025,16346,1.0
1733991180.5529888,16392,1.0
1733991240.0546498,16411,1.0
1733991248.0922441,16414,1.0
1733991282.542428,16427,1.0
1733991451.3594494,16487,1.0
1733991651.7126625,16554,1.0
1733991792.3415391,16603,1.0
1733991797.7379801,16605,1.0
1733991824.5201283,16615,1.0
1733991930.6572056,16650,1.0
1733991955.2931664,16659,1.0
1733992164.283839,16731,1.0
1733992175.6077898,16735,1.0
1733992343.6938975,16793,1.0
1733992414.7182217,16816,1.0
1733992463.3217988,16834,1.0
1733992553.799521,16864,1.0
1733992560.0368552,16866,1.0
1733992598.026473,16880,1.0
1733992605.984046,16883,1.0
1733992678.8024445,16907,1.0
1733992785.3899438,16947,1.0
1733992804.9967518,16951,1.0
1733992949.535307,17002,1.0
1733992986.8513582,17016,1.0
1733993096.8003442,17054,1.0
1733993104.765718,17057,1.0
1733993155.2216136,17076,1.0
1733993282.7186854,17120,1.0
1733993298.9509861,17126,1.0
1733993301.601468,17127,1.0
1733993346.17262,17143,1.0
1733993387.4114356,17155,1.0
1733993534.6027634,17207,1.0
1733993592.9864814,17229,1.0
1733993598.2887425,17231,1.0
1733993657.6654437,17250,1.0
1733993692.1039655,17263,1.0
1733993700.0673578,17266,1.0
1733993718.634332,17273,1.0
1733993739.9036167,17281,1.0
1733994058.0381756,17394,1.0
1733994144.037586,17423,1.0
1733994165.26686,17431,1.0
1733994167.9168062,17432,1.0
1733994406.4604247,17515,1.0
1733994425.0874963,17522,1.0
1733994543.5291064,17563,1.0
1733994695.9073918,17617,1.0
1733994735.835578,17632,1.0
1733994738.482805,17633,1.0
1733994778.5251005,17648,1.0
1733994848.6911175,17671,1.0
1733994893.8529973,17688,1.0
1733994917.7774415,17697,1.0
1733995017.0474985,17731,1.0
1733995105.8098936,17761,1.0
1733995124.539828,17768,1.0
1733995255.8094366,17814,1.0
1733995394.9371789,17863,1.0
1733995421.660654,17873,1.0
1733995440.2150977,17880,1.0
1733995442.8938282,17881,1.0
1733995453.4906335,17885,1.0
1733995565.9675868,17924,1.0
1733995595.2031507,17935,1.0
1733995649.3417664,17952,1.0
1733995681.2861466,17964,1.0
1733995799.3615627,18005,1.0
1733995807.3602445,18008,1.0
1733995879.1270015,18035,1.0
1733995897.718298,18042,1.0
1733995965.1496446,18064,1.0
1733996007.5343823,18080,1.0
1733996028.7973576,18088,1.0
1733996093.5135972,18109,1.0
1733996125.2948601,18121,1.0
1733996146.5116773,18129,1.0
1733996157.1228218,18133,1.0
1733996167.7217984,18137,1.0
1733996371.6268778,18207,1.0
1733996563.9369304,18276,1.0
1733996721.6813965,18332,1.0
1733996756.3344848,18345,1.0
1733996842.2030437,18374,1.0
1733996930.8261595,18404,1.0
1733996933.4624352,18405,1.0
1733996965.2964404,18417,1.0
1733996997.1742218,18429,1.0
1733997018.5488844,18437,1.0
1733997037.143919,18444,1.0
1733997072.6895764,18454,1.0
1733997109.7693162,18468,1.0
1733997144.2595634,18481,1.0
1733997168.1218827,18490,1.0
1733997262.008377,18522,1.0
1733997441.113644,18586,1.0
1733997529.755136,18616,1.0
1733997543.0035293,18621,1.0
1733997545.6487718,18622,1.0
1733997577.5415864,18634,1.0
1733997606.7494102,18645,1.0
1733997933.9016716,18758,1.0
1733997936.5466344,18759,1.0
1733997952.5547037,18765,1.0
1733997960.5150495,18768,1.0
1733997992.526766,18780,1.0
1733998032.362717,18795,1.0
1733998254.8783402,18872,1.0
1733998324.0490677,18898,1.0
1733998348.932081,18904,1.0
1733998351.5764377,18905,1.0
1733998444.5799844,18940,1.0
1733998519.960358,18965,1.0
1733998588.9067583,18991,1.0
1733998717.365376,19036,1.0
1733998725.3048313,19039,1.0
1733998792.7527103,19061,1.0
1733998893.6654627,19099,1.0
1733998929.1741831,19109,1.0
1733998939.855393,19113,1.0
1733998942.5180209,19114,1.0
1733999212.8016696,19209,1.0
1733999218.0992196,19211,1.0
1733999231.3241525,19216,1.0
1733999399.9023354,19276,1.0
1733999405.1948977,19278,1.0
1733999496.6562622,19309,1.0
1733999523.1586072,19319,1.0
1733999664.6247146,19369,1.0
1733999685.876168,19377,1.0
1733999725.72732,19392,1.0
1733999761.245624,19402,1.0
1733999771.9457324,19406,1.0
1733999809.1059918,19420,1.0
1733999937.6314347,19465,1.0
1733999961.515447,19474,1.0
1734000025.2354329,19498,1.0
1734000042.1627035,19501,1.0
1734000161.3988283,19546,1.0
1734000368.1088517,19617,1.0
1734000410.6030405,19633,1.0
1734000475.3114338,19654,1.0
1734000493.8738008,19661,1.0
1734000609.1336029,19701,1.0
1734000782.6977706,19763,1.0
1734000788.0109212,19765,1.0
1734000798.611662,19769,1.0
1734000999.2293766,19841,1.0
1734001061.3752525,19861,1.0
1734001151.6469264,19895,1.0
1734001203.1247473,19911,1.0
1734001232.349323,19922,1.0
1734001357.9523878,19966,1.0
1734001397.7254827,19981,1.0
1734001400.3833582,19982,1.0
1734001410.9880917,19986,1.0
1734001445.5009365,19999,1.0
1734001494.2324708,20014,1.0
1734001665.345352,20075,1.0
1734001772.7020075,20112,1.0
1734001831.118724,20134,1.0
1734002337.6317725,20311,1.0
1734002393.227086,20332,1.0
1734002481.8950074,20362,1.0
1734002566.8696208,20394,1.0
1734002599.7982626,20403,1.0
1734002650.259932,20422,1.0
1734002698.185864,20440,1.0
1734002823.9005427,20484,1.0
1734002847.8142972,20493,1.0
1734002909.8496943,20513,1.0
1734002968.5608473,20535,1.0
1734002992.4547126,20544,1.0
1734003038.5461793,20558,1.0
1734003083.5815685,20575,1.0
1734003091.5215855,20578,1.0
1734003099.473746,20581,1.0
1734003206.617324,20618,1.0
1734003281.0131314,20646,1.0
1734003314.0243907,20655,1.0
1734003337.9078023,20664,1.0
1734003343.2055697,20666,1.0
1734003572.9011054,20749,1.0
1734003611.3610337,20760,1.0
1734003683.0075936,20787,1.0
1734003760.938744,20813,1.0
1734003827.3654943,20838,1.0
1734003835.349951,20841,1.0
1734003889.4623072,20858,1.0
1734004135.1580336,20947,1.0
1734004154.8321369,20951,1.0
1734004194.6367655,20966,1.0
1734004199.9560895,20968,1.0
1734004213.2475913,20973,1.0
1734004229.1531308,20979,1.0
1734004263.696558,20992,1.0
1734004294.0606713,21000,1.0
1734004389.6394708,21036,1.0
1734004441.2368753,21052,1.0
1734004643.8801498,21124,1.0
1734004657.1787786,21129,1.0
1734004724.6125035,21151,1.0
1734004729.894889,21153,1.0
1734004761.8199353,21165,1.0
1734004782.999264,21173,1.0
1734004798.8968894,21179,1.0
1734004877.0250833,21205,1.0
1734004887.6045444,21209,1.0
1734004951.367547,21233,1.0
1734004980.5762973,21244,1.0
1734005051.1380274,21267,1.0
1734005082.9836323,21279,1.0
1734005176.8750157,21311,1.0
1734005361.0831578,21377,1.0
1734005395.6045125,21390,1.0
1734005482.070959,21419,1.0
1734005511.3805819,21430,1.0
1734005613.6921718,21465,1.0
1734005642.9468482,21476,1.0
1734005677.6069114,21489,1.0
1734005942.5650454,21582,1.0
1734005947.919777,21584,1.0
1734005971.92027,21593,1.0
1734005982.6130514,21597,1.0
1734005985.2835724,21598,1.0
1734006012.7957134,21605,1.0
1734006055.193343,21621,1.0
1734006068.4259026,21626,1.0
1734006199.3938963,21672,1.0
1734006209.9660149,21676,1.0
1734006215.2642097,21678,1.0
1734006327.9279766,21717,1.0
1734006335.8900037,21720,1.0
1734006373.0631993,21734,1.0
1734006598.3174925,21812,1.0
1734006616.8440497,21819,1.0
1734006685.9006224,21845,1.0
1734007309.827234,22063,1.0
1734007373.400205,22087,1.0
1734007451.3206978,22113,1.0
1734007453.967295,22114,1.0
1734007512.3586142,22136,1.0
1734007528.3092747,22142,1.0
1734007538.916977,22146,1.0
1734007590.6044374,22162,1.0
1734007651.6638126,22185,1.0
1734007777.5240293,22229,1.0
1734007903.489775,22273,1.0
1734007930.0863652,22283,1.0
1734007935.3728654,22285,1.0
1734007953.9043794,22292,1.0
1734008002.7432778,22307,1.0
1734008200.0089273,22378,1.0
1734008205.3024213,22380,1.0
1734008312.4511893,22417,1.0
1734008449.1866572,22465,1.0
1734008504.886802,22486,1.0
1734008589.1701035,22514,1.0
1734008610.5282836,22522,1.0
1734008637.0941849,22532,1.0
1734008693.851833,22550,1.0
1734008739.1520002,22567,1.0
1734008849.14397,22604,1.0
1734008959.6246812,22645,1.0
1734008970.2293856,22649,1.0
